Timestamp,Saved File,Topic,Size (Bytes)
2025-08-06_14-49-42,received_images/2025-08-06/cam1/cam1_2025-08-06_14-49-42.jpg,cameras/cam1/image,5065
2025-08-06_14-56-46,received_images/2025-08-06/cam1/cam1_2025-08-06_14-56-46.jpg,cameras/cam1/image,3039
2025-08-06_16-32-15,received_images/2025-08-06/cam1/cam1_2025-08-06_16-32-15.jpg,cameras/cam1/image,5111
2025-08-06_16-32-46,received_images/2025-08-06/cam1/cam1_2025-08-06_16-32-46.jpg,cameras/cam1/image,4957
2025-08-06_16-34-00,received_images/2025-08-06/cam1/cam1_2025-08-06_16-34-00.jpg,cameras/cam1/image,5071
2025-08-06_16-39-13,received_images/2025-08-06/cam1/cam1_2025-08-06_16-39-13.jpg,cameras/cam1/image,2788
2025-08-06_16-39-15,received_images/2025-08-06/cam1/cam1_2025-08-06_16-39-15.jpg,cameras/cam1/image,2796
2025-08-06_16-39-27,received_images/2025-08-06/cam1/cam1_2025-08-06_16-39-27.jpg,cameras/cam1/image,2814
2025-08-06_16-39-31,received_images/2025-08-06/cam1/cam1_2025-08-06_16-39-31.jpg,cameras/cam1/image,2814
2025-08-06_16-39-31,received_images/2025-08-06/cam1/cam1_2025-08-06_16-39-31.jpg,cameras/cam1/image,2814
2025-08-06_16-39-35,received_images/2025-08-06/cam1/cam1_2025-08-06_16-39-35.jpg,cameras/cam1/image,2814
2025-08-06_16-39-38,received_images/2025-08-06/cam1/cam1_2025-08-06_16-39-38.jpg,cameras/cam1/image,2814
2025-08-06_16-39-42,received_images/2025-08-06/cam1/cam1_2025-08-06_16-39-42.jpg,cameras/cam1/image,2814
2025-08-06_16-39-47,received_images/2025-08-06/cam1/cam1_2025-08-06_16-39-47.jpg,cameras/cam1/image,2814
2025-08-06_16-39-49,received_images/2025-08-06/cam1/cam1_2025-08-06_16-39-49.jpg,cameras/cam1/image,2814
2025-08-06_16-39-51,received_images/2025-08-06/cam1/cam1_2025-08-06_16-39-51.jpg,cameras/cam1/image,2814
2025-08-06_16-40-03,received_images/2025-08-06/cam1/cam1_2025-08-06_16-40-03.jpg,cameras/cam1/image,2814
2025-08-06_16-40-05,received_images/2025-08-06/cam1/cam1_2025-08-06_16-40-05.jpg,cameras/cam1/image,2814
2025-08-06_16-40-05,received_images/2025-08-06/cam1/cam1_2025-08-06_16-40-05.jpg,cameras/cam1/image,2814
2025-08-06_16-40-08,received_images/2025-08-06/cam1/cam1_2025-08-06_16-40-08.jpg,cameras/cam1/image,4051
2025-08-06_16-40-11,received_images/2025-08-06/cam1/cam1_2025-08-06_16-40-11.jpg,cameras/cam1/image,3070
2025-08-06_16-40-11,received_images/2025-08-06/cam1/cam1_2025-08-06_16-40-11.jpg,cameras/cam1/image,3070
2025-08-06_16-40-21,received_images/2025-08-06/cam1/cam1_2025-08-06_16-40-21.jpg,cameras/cam1/image,3070
2025-08-06_16-41-05,received_images/2025-08-06/cam1/cam1_2025-08-06_16-41-05.jpg,cameras/cam1/image,5037
2025-08-07_09-18-50,received_images/2025-08-07/cam1/cam1_2025-08-07_09-18-50.jpg,cameras/cam1/image,5108
2025-08-07_09-28-44,received_images/2025-08-07/cam1/cam1_2025-08-07_09-28-44.jpg,cameras/cam1/image,4065
2025-08-07_09-28-46,received_images/2025-08-07/cam1/cam1_2025-08-07_09-28-46.jpg,cameras/cam1/image,4080
2025-08-07_09-28-52,received_images/2025-08-07/cam1/cam1_2025-08-07_09-28-52.jpg,cameras/cam1/image,4080
2025-08-07_09-28-58,received_images/2025-08-07/cam1/cam1_2025-08-07_09-28-58.jpg,cameras/cam1/image,4080
2025-08-07_09-29-00,received_images/2025-08-07/cam1/cam1_2025-08-07_09-29-00.jpg,cameras/cam1/image,4080
2025-08-07_09-29-05,received_images/2025-08-07/cam1/cam1_2025-08-07_09-29-05.jpg,cameras/cam1/image,4080
2025-08-07_09-29-07,received_images/2025-08-07/cam1/cam1_2025-08-07_09-29-07.jpg,cameras/cam1/image,4080
2025-08-07_09-29-09,received_images/2025-08-07/cam1/cam1_2025-08-07_09-29-09.jpg,cameras/cam1/image,3849
2025-08-07_09-29-21,received_images/2025-08-07/cam1/cam1_2025-08-07_09-29-21.jpg,cameras/cam1/image,3010
2025-08-07_09-38-05,received_images/2025-08-07/cam1/cam1_2025-08-07_09-38-05.jpg,cameras/cam1/image,4071
2025-08-07_09-52-54,received_images/2025-08-07/cam1/cam1_2025-08-07_09-52-54.jpg,cameras/cam1/image,4087
2025-08-07_09-57-05,received_images/2025-08-07/cam1/cam1_2025-08-07_09-57-05.jpg,cameras/cam1/image,5794
2025-08-07_10-00-10,received_images/2025-08-07/cam1/cam1_2025-08-07_10-00-10.jpg,cameras/cam1/image,5867
2025-08-07_10-01-18,received_images/2025-08-07/cam1/cam1_2025-08-07_10-01-18.jpg,cameras/cam1/image,3050
2025-08-07_10-02-18,received_images/2025-08-07/cam1/cam1_2025-08-07_10-02-18.jpg,cameras/cam1/image,5109
2025-08-07_10-20-51,received_images/2025-08-07/cam1/cam1_2025-08-07_10-20-51.jpg,cameras/cam1/image,3060
2025-08-07_10-33-10,received_images/2025-08-07/cam1/cam1_2025-08-07_10-33-10.jpg,cameras/cam1/image,3060
2025-08-07_10-33-13,received_images/2025-08-07/cam1/cam1_2025-08-07_10-33-13.jpg,cameras/cam1/image,3044
2025-08-07_10-36-24,received_images/2025-08-07/cam1/cam1_2025-08-07_10-36-24.jpg,cameras/cam1/image,4986
2025-08-07_10-47-31,received_images/2025-08-07/cam1/cam1_2025-08-07_10-47-31.jpg,cameras/cam1/image,4018
2025-08-07_10-54-10,received_images/2025-08-07/cam1/cam1_2025-08-07_10-54-10.jpg,cameras/cam1/image,3066
2025-08-07_10-54-36,received_images/2025-08-07/cam1/cam1_2025-08-07_10-54-36.jpg,cameras/cam1/image,3065
2025-08-07_11-05-50,received_images/2025-08-07/cam1/cam1_2025-08-07_11-05-50.jpg,cameras/cam1/image,3046
2025-08-07_11-08-38,received_images/2025-08-07/cam1/cam1_2025-08-07_11-08-38.jpg,cameras/cam1/image,4078
2025-08-07_11-08-56,received_images/2025-08-07/cam1/cam1_2025-08-07_11-08-56.jpg,cameras/cam1/image,4949
2025-08-07_11-26-21,received_images/2025-08-07/cam1/cam1_2025-08-07_11-26-21.jpg,cameras/cam1/image,5853
2025-08-07_11-27-53,received_images/2025-08-07/cam1/cam1_2025-08-07_11-27-53.jpg,cameras/cam1/image,4081
2025-08-07_11-52-47,received_images/2025-08-07/cam1/cam1_2025-08-07_11-52-47.jpg,cameras/cam1/image,3062
2025-08-07_14-39-52,received_images/2025-08-07/cam1/cam1_2025-08-07_14-39-52.jpg,cameras/cam1/image,4033
2025-08-07_14-59-18,received_images/2025-08-07/cam1/cam1_2025-08-07_14-59-18.jpg,cameras/cam1/image,3062
2025-08-07_15-30-44,received_images/2025-08-07/cam1/cam1_2025-08-07_15-30-44.jpg,cameras/cam1/image,5703
2025-08-07_16-20-39,received_images/2025-08-07/cam1/cam1_2025-08-07_16-20-39.jpg,cameras/cam1/image,5061
2025-08-07_16-20-39,received_images/2025-08-07/cam1/cam1_2025-08-07_16-20-39.jpg,cameras/cam1/image,5061
2025-08-07_17-17-04,received_images/2025-08-07/cam1/cam1_2025-08-07_17-17-04.jpg,cameras/cam1/image,5049
2025-08-07_17-17-04,received_images/2025-08-07/cam1/cam1_2025-08-07_17-17-04.jpg,cameras/cam1/image,5049
2025-08-07_17-18-22,received_images/2025-08-07/cam1/cam1_2025-08-07_17-18-22.jpg,cameras/cam1/image,3051
2025-08-08_10-50-57,received_images/2025-08-08/cam1/cam1_2025-08-08_10-50-57.jpg,cameras/cam1/image,3071
2025-08-08_11-02-53,received_images/2025-08-08/cam1/cam1_2025-08-08_11-02-53.jpg,cameras/cam1/image,5048
2025-08-08_11-18-13,received_images/2025-08-08/cam1/cam1_2025-08-08_11-18-13.jpg,cameras/cam1/image,5109
2025-08-08_12-18-47,received_images/2025-08-08/cam1/cam1_2025-08-08_12-18-47.jpg,cameras/cam1/image,5302
2025-08-11_11-47-47,received_images/2025-08-11/cam1/cam1_2025-08-11_11-47-47.jpg,cameras/cam1/image,3030
2025-08-11_16-09-49,received_images/2025-08-11/cam1/cam1_2025-08-11_16-09-49.jpg,cameras/cam1/image,4074
2025-08-11_16-09-59,received_images/2025-08-11/cam1/cam1_2025-08-11_16-09-59.jpg,cameras/cam1/image,4074
2025-08-11_17-02-21,received_images/2025-08-11/cam1/cam1_2025-08-11_17-02-21.jpg,cameras/cam1/image,4084
2025-08-11_17-11-48,received_images/2025-08-11/cam1/cam1_2025-08-11_17-11-48.jpg,cameras/cam1/image,4064
2025-08-11_17-12-05,received_images/2025-08-11/cam1/cam1_2025-08-11_17-12-05.jpg,cameras/cam1/image,4064
2025-08-11_17-12-38,received_images/2025-08-11/cam1/cam1_2025-08-11_17-12-38.jpg,cameras/cam1/image,4064
2025-08-11_17-13-04,received_images/2025-08-11/cam1/cam1_2025-08-11_17-13-04.jpg,cameras/cam1/image,4064
2025-08-11_17-16-42,received_images/2025-08-11/cam1/cam1_2025-08-11_17-16-42.jpg,cameras/cam1/image,4064
2025-08-11_17-17-04,received_images/2025-08-11/cam1/cam1_2025-08-11_17-17-04.jpg,cameras/cam1/image,4064
2025-08-11_17-26-40,received_images/2025-08-11/cam1/cam1_2025-08-11_17-26-40.jpg,cameras/cam1/image,4090
2025-08-11_17-27-02,received_images/2025-08-11/cam1/cam1_2025-08-11_17-27-02.jpg,cameras/cam1/image,4090
2025-08-12_08-34-34,received_images/2025-08-12/cam1/cam1_2025-08-12_08-34-34.jpg,cameras/cam1/image,4090
2025-08-12_08-34-50,received_images/2025-08-12/cam1/cam1_2025-08-12_08-34-50.jpg,cameras/cam1/image,4090
2025-08-12_08-46-53,received_images/2025-08-12/cam1/cam1_2025-08-12_08-46-53.jpg,cameras/cam1/image,4075
2025-08-12_12-04-41,received_images/2025-08-12/cam1/cam1_2025-08-12_12-04-41.jpg,cameras/cam1/image,4077
2025-08-12_15-01-09,received_images/2025-08-12/cam1/cam1_2025-08-12_15-01-09.jpg,cameras/cam1/image,3034
2025-08-12_15-01-47,received_images/2025-08-12/cam1/cam1_2025-08-12_15-01-47.jpg,cameras/cam1/image,4087
2025-08-12_15-02-23,received_images/2025-08-12/cam1/cam1_2025-08-12_15-02-23.jpg,cameras/cam1/image,3945
2025-08-12_15-03-58,received_images/2025-08-12/cam1/cam1_2025-08-12_15-03-58.jpg,cameras/cam1/image,4019
2025-08-12_15-04-31,received_images/2025-08-12/cam1/cam1_2025-08-12_15-04-31.jpg,cameras/cam1/image,4019
2025-08-12_15-05-01,received_images/2025-08-12/cam1/cam1_2025-08-12_15-05-01.jpg,cameras/cam1/image,4019
2025-08-12_15-09-37,received_images/2025-08-12/cam1/cam1_2025-08-12_15-09-37.jpg,cameras/cam1/image,4036
2025-08-12_15-12-05,received_images/2025-08-12/cam1/cam1_2025-08-12_15-12-05.jpg,cameras/cam1/image,4066
2025-08-12_15-24-43,received_images/2025-08-12/cam1/cam1_2025-08-12_15-24-43.jpg,cameras/cam1/image,4038
2025-08-12_15-55-17,received_images/2025-08-12/cam1/cam1_2025-08-12_15-55-17.jpg,cameras/cam1/image,4031
2025-08-12_15-55-51,received_images/2025-08-12/cam1/cam1_2025-08-12_15-55-51.jpg,cameras/cam1/image,4031
2025-08-12_15-56-10,received_images/2025-08-12/cam1/cam1_2025-08-12_15-56-10.jpg,cameras/cam1/image,4031
2025-08-12_15-57-20,received_images/2025-08-12/cam1/cam1_2025-08-12_15-57-20.jpg,cameras/cam1/image,5888
2025-08-12_16-01-52,received_images/2025-08-12/cam1/cam1_2025-08-12_16-01-52.jpg,cameras/cam1/image,3957
2025-08-12_16-08-13,received_images/2025-08-12/cam1/cam1_2025-08-12_16-08-13.jpg,cameras/cam1/image,4076
2025-08-12_16-08-26,received_images/2025-08-12/cam1/cam1_2025-08-12_16-08-26.jpg,cameras/cam1/image,4076
2025-08-12_16-09-24,received_images/2025-08-12/cam1/cam1_2025-08-12_16-09-24.jpg,cameras/cam1/image,3043
2025-08-12_16-10-08,received_images/2025-08-12/cam1/cam1_2025-08-12_16-10-08.jpg,cameras/cam1/image,4089
2025-08-12_16-11-08,received_images/2025-08-12/cam1/cam1_2025-08-12_16-11-08.jpg,cameras/cam1/image,4089
2025-08-12_16-14-18,received_images/2025-08-12/cam1/cam1_2025-08-12_16-14-18.jpg,cameras/cam1/image,3065
2025-08-12_16-15-47,received_images/2025-08-12/cam1/cam1_2025-08-12_16-15-47.jpg,cameras/cam1/image,4089
2025-08-12_16-16-48,received_images/2025-08-12/cam1/cam1_2025-08-12_16-16-48.jpg,cameras/cam1/image,3070
2025-08-12_16-16-56,received_images/2025-08-12/cam1/cam1_2025-08-12_16-16-56.jpg,cameras/cam1/image,4007
2025-08-12_16-17-03,received_images/2025-08-12/cam1/cam1_2025-08-12_16-17-03.jpg,cameras/cam1/image,4007
2025-08-12_16-17-15,received_images/2025-08-12/cam1/cam1_2025-08-12_16-17-15.jpg,cameras/cam1/image,5065
2025-08-12_16-17-23,received_images/2025-08-12/cam1/cam1_2025-08-12_16-17-23.jpg,cameras/cam1/image,5695
2025-08-12_16-17-55,received_images/2025-08-12/cam1/cam1_2025-08-12_16-17-55.jpg,cameras/cam1/image,5090
2025-08-12_16-18-47,received_images/2025-08-12/cam1/cam1_2025-08-12_16-18-47.jpg,cameras/cam1/image,4009
2025-08-12_16-18-57,received_images/2025-08-12/cam1/cam1_2025-08-12_16-18-57.jpg,cameras/cam1/image,3060
2025-08-12_16-19-10,received_images/2025-08-12/cam1/cam1_2025-08-12_16-19-10.jpg,cameras/cam1/image,4061
2025-08-12_16-19-42,received_images/2025-08-12/cam1/cam1_2025-08-12_16-19-42.jpg,cameras/cam1/image,3044
2025-08-12_16-22-20,received_images/2025-08-12/cam1/cam1_2025-08-12_16-22-20.jpg,cameras/cam1/image,5030
2025-08-12_16-22-57,received_images/2025-08-12/cam1/cam1_2025-08-12_16-22-57.jpg,cameras/cam1/image,5964
2025-08-12_16-24-19,received_images/2025-08-12/cam1/cam1_2025-08-12_16-24-19.jpg,cameras/cam1/image,4022
2025-08-12_16-25-23,received_images/2025-08-12/cam1/cam1_2025-08-12_16-25-23.jpg,cameras/cam1/image,3031
2025-08-12_16-25-46,received_images/2025-08-12/cam1/cam1_2025-08-12_16-25-46.jpg,cameras/cam1/image,3046
2025-08-12_16-25-52,received_images/2025-08-12/cam1/cam1_2025-08-12_16-25-52.jpg,cameras/cam1/image,5008
2025-08-12_16-26-03,received_images/2025-08-12/cam1/cam1_2025-08-12_16-26-03.jpg,cameras/cam1/image,4078
2025-08-12_16-26-14,received_images/2025-08-12/cam1/cam1_2025-08-12_16-26-14.jpg,cameras/cam1/image,4087
2025-08-12_16-27-03,received_images/2025-08-12/cam1/cam1_2025-08-12_16-27-03.jpg,cameras/cam1/image,3055
2025-08-12_16-28-49,received_images/2025-08-12/cam1/cam1_2025-08-12_16-28-49.jpg,cameras/cam1/image,4084
2025-08-12_16-28-55,received_images/2025-08-12/cam1/cam1_2025-08-12_16-28-55.jpg,cameras/cam1/image,4095
2025-08-12_16-44-51,received_images/2025-08-12/cam1/cam1_2025-08-12_16-44-51.jpg,cameras/cam1/image,3049
2025-08-12_16-45-37,received_images/2025-08-12/cam1/cam1_2025-08-12_16-45-37.jpg,cameras/cam1/image,4009
2025-08-12_16-49-50,received_images/2025-08-12/cam1/cam1_2025-08-12_16-49-50.jpg,cameras/cam1/image,3065
2025-08-12_16-50-07,received_images/2025-08-12/cam1/cam1_2025-08-12_16-50-07.jpg,cameras/cam1/image,3069
2025-08-12_16-50-41,received_images/2025-08-12/cam1/cam1_2025-08-12_16-50-41.jpg,cameras/cam1/image,3999
2025-08-12_16-51-13,received_images/2025-08-12/cam1/cam1_2025-08-12_16-51-13.jpg,cameras/cam1/image,5906
2025-08-12_16-51-18,received_images/2025-08-12/cam1/cam1_2025-08-12_16-51-18.jpg,cameras/cam1/image,3062
2025-08-12_16-51-34,received_images/2025-08-12/cam1/cam1_2025-08-12_16-51-34.jpg,cameras/cam1/image,4965
2025-08-12_16-51-59,received_images/2025-08-12/cam1/cam1_2025-08-12_16-51-59.jpg,cameras/cam1/image,2988
2025-08-12_17-21-29,received_images/2025-08-12/cam1/cam1_2025-08-12_17-21-29.jpg,cameras/cam1/image,3040
2025-08-12_17-22-35,received_images/2025-08-12/cam1/cam1_2025-08-12_17-22-35.jpg,cameras/cam1/image,4077
2025-08-12_17-23-16,received_images/2025-08-12/cam1/cam1_2025-08-12_17-23-16.jpg,cameras/cam1/image,4041
2025-08-12_17-23-40,received_images/2025-08-12/cam1/cam1_2025-08-12_17-23-40.jpg,cameras/cam1/image,3059
2025-08-12_17-23-46,received_images/2025-08-12/cam1/cam1_2025-08-12_17-23-46.jpg,cameras/cam1/image,3047
2025-08-12_17-28-30,received_images/2025-08-12/cam1/cam1_2025-08-12_17-28-30.jpg,cameras/cam1/image,3063
2025-08-13_08-19-08,received_images/2025-08-13/cam1/cam1_2025-08-13_08-19-08.jpg,cameras/cam1/image,4039
2025-08-13_08-19-52,received_images/2025-08-13/cam1/cam1_2025-08-13_08-19-52.jpg,cameras/cam1/image,3966
2025-08-13_08-22-32,received_images/2025-08-13/cam1/cam1_2025-08-13_08-22-32.jpg,cameras/cam1/image,3039
2025-08-13_08-22-40,received_images/2025-08-13/cam1/cam1_2025-08-13_08-22-40.jpg,cameras/cam1/image,3030
2025-08-13_08-23-45,received_images/2025-08-13/cam1/cam1_2025-08-13_08-23-45.jpg,cameras/cam1/image,2984
2025-08-13_08-23-49,received_images/2025-08-13/cam1/cam1_2025-08-13_08-23-49.jpg,cameras/cam1/image,3833
2025-08-13_08-23-53,received_images/2025-08-13/cam1/cam1_2025-08-13_08-23-53.jpg,cameras/cam1/image,3833
2025-08-13_08-24-00,received_images/2025-08-13/cam1/cam1_2025-08-13_08-24-00.jpg,cameras/cam1/image,3833
2025-08-13_08-25-16,received_images/2025-08-13/cam1/cam1_2025-08-13_08-25-16.jpg,cameras/cam1/image,3027
2025-08-13_08-25-21,received_images/2025-08-13/cam1/cam1_2025-08-13_08-25-21.jpg,cameras/cam1/image,3039
2025-08-13_08-25-51,received_images/2025-08-13/cam1/cam1_2025-08-13_08-25-51.jpg,cameras/cam1/image,3996
2025-08-13_08-28-45,received_images/2025-08-13/cam1/cam1_2025-08-13_08-28-45.jpg,cameras/cam1/image,3063
2025-08-13_08-28-52,received_images/2025-08-13/cam1/cam1_2025-08-13_08-28-52.jpg,cameras/cam1/image,3059
2025-08-13_08-29-03,received_images/2025-08-13/cam1/cam1_2025-08-13_08-29-03.jpg,cameras/cam1/image,4993
2025-08-13_08-29-25,received_images/2025-08-13/cam1/cam1_2025-08-13_08-29-25.jpg,cameras/cam1/image,3043
2025-08-13_10-04-04,received_images/2025-08-13/cam1/cam1_2025-08-13_10-04-04.jpg,cameras/cam1/image,4095
2025-08-13_10-04-40,received_images/2025-08-13/cam1/cam1_2025-08-13_10-04-40.jpg,cameras/cam1/image,3062
2025-08-13_10-04-53,received_images/2025-08-13/cam1/cam1_2025-08-13_10-04-53.jpg,cameras/cam1/image,3993
2025-08-13_10-05-34,received_images/2025-08-13/cam1/cam1_2025-08-13_10-05-34.jpg,cameras/cam1/image,4090
2025-08-13_10-05-48,received_images/2025-08-13/cam1/cam1_2025-08-13_10-05-48.jpg,cameras/cam1/image,4082
2025-08-13_14-05-33,received_images/2025-08-13/cam1/cam1_2025-08-13_14-05-33.jpg,cameras/cam1/image,4081
2025-08-13_14-10-17,received_images/2025-08-13/cam1/cam1_2025-08-13_14-10-17.jpg,cameras/cam1/image,3064
2025-08-13_14-10-31,received_images/2025-08-13/cam1/cam1_2025-08-13_14-10-31.jpg,cameras/cam1/image,5922
2025-08-13_14-12-09,received_images/2025-08-13/cam1/cam1_2025-08-13_14-12-09.jpg,cameras/cam1/image,4058
2025-08-13_14-15-42,received_images/2025-08-13/cam1/cam1_2025-08-13_14-15-42.jpg,cameras/cam1/image,3790
2025-08-13_14-16-43,received_images/2025-08-13/cam1/cam1_2025-08-13_14-16-43.jpg,cameras/cam1/image,4096
2025-08-13_14-18-15,received_images/2025-08-13/cam1/cam1_2025-08-13_14-18-15.jpg,cameras/cam1/image,5055
2025-08-13_14-18-23,received_images/2025-08-13/cam1/cam1_2025-08-13_14-18-23.jpg,cameras/cam1/image,5055
2025-08-13_14-18-32,received_images/2025-08-13/cam1/cam1_2025-08-13_14-18-32.jpg,cameras/cam1/image,4852
2025-08-13_14-19-07,received_images/2025-08-13/cam1/cam1_2025-08-13_14-19-07.jpg,cameras/cam1/image,5026
2025-08-13_14-19-27,received_images/2025-08-13/cam1/cam1_2025-08-13_14-19-27.jpg,cameras/cam1/image,5083
2025-08-13_14-19-41,received_images/2025-08-13/cam1/cam1_2025-08-13_14-19-41.jpg,cameras/cam1/image,4008
2025-08-13_14-19-47,received_images/2025-08-13/cam1/cam1_2025-08-13_14-19-47.jpg,cameras/cam1/image,4008
2025-08-13_14-20-07,received_images/2025-08-13/cam1/cam1_2025-08-13_14-20-07.jpg,cameras/cam1/image,5033
2025-08-13_14-20-16,received_images/2025-08-13/cam1/cam1_2025-08-13_14-20-16.jpg,cameras/cam1/image,5033
2025-08-13_14-20-21,received_images/2025-08-13/cam1/cam1_2025-08-13_14-20-21.jpg,cameras/cam1/image,5006
2025-08-13_15-41-33,received_images/2025-08-13/cam1/cam1_2025-08-13_15-41-33.jpg,cameras/cam1/image,4074
2025-08-13_15-42-51,received_images/2025-08-13/cam1/cam1_2025-08-13_15-42-51.jpg,cameras/cam1/image,4003
2025-08-13_15-43-18,received_images/2025-08-13/cam1/cam1_2025-08-13_15-43-18.jpg,cameras/cam1/image,4014
2025-08-13_15-43-41,received_images/2025-08-13/cam1/cam1_2025-08-13_15-43-41.jpg,cameras/cam1/image,3026
2025-08-13_15-45-21,received_images/2025-08-13/cam1/cam1_2025-08-13_15-45-21.jpg,cameras/cam1/image,3947
2025-08-13_15-45-45,received_images/2025-08-13/cam1/cam1_2025-08-13_15-45-45.jpg,cameras/cam1/image,3947
2025-08-13_15-46-03,received_images/2025-08-13/cam1/cam1_2025-08-13_15-46-03.jpg,cameras/cam1/image,3947
2025-08-13_15-48-51,received_images/2025-08-13/cam1/cam1_2025-08-13_15-48-51.jpg,cameras/cam1/image,4836
2025-08-13_15-51-15,received_images/2025-08-13/cam1/cam1_2025-08-13_15-51-15.jpg,cameras/cam1/image,4073
2025-08-13_15-51-57,received_images/2025-08-13/cam1/cam1_2025-08-13_15-51-57.jpg,cameras/cam1/image,3933
2025-08-13_16-33-20,received_images/2025-08-13/cam1/cam1_2025-08-13_16-33-20.jpg,cameras/cam1/image,4626
2025-08-13_16-33-31,received_images/2025-08-13/cam1/cam1_2025-08-13_16-33-31.jpg,cameras/cam1/image,4031
2025-08-13_16-33-57,received_images/2025-08-13/cam1/cam1_2025-08-13_16-33-57.jpg,cameras/cam1/image,5106
2025-08-13_16-34-45,received_images/2025-08-13/cam1/cam1_2025-08-13_16-34-45.jpg,cameras/cam1/image,5029
2025-08-13_16-34-52,received_images/2025-08-13/cam1/cam1_2025-08-13_16-34-52.jpg,cameras/cam1/image,4022
2025-08-13_16-35-23,received_images/2025-08-13/cam1/cam1_2025-08-13_16-35-23.jpg,cameras/cam1/image,4086
2025-08-13_16-35-30,received_images/2025-08-13/cam1/cam1_2025-08-13_16-35-30.jpg,cameras/cam1/image,5037
2025-08-13_16-35-35,received_images/2025-08-13/cam1/cam1_2025-08-13_16-35-35.jpg,cameras/cam1/image,4038
2025-08-13_16-36-18,received_images/2025-08-13/cam1/cam1_2025-08-13_16-36-18.jpg,cameras/cam1/image,5049
2025-08-13_16-37-08,received_images/2025-08-13/cam1/cam1_2025-08-13_16-37-08.jpg,cameras/cam1/image,5100
2025-08-13_16-37-33,received_images/2025-08-13/cam1/cam1_2025-08-13_16-37-33.jpg,cameras/cam1/image,5101
2025-08-13_16-38-01,received_images/2025-08-13/cam1/cam1_2025-08-13_16-38-01.jpg,cameras/cam1/image,3949
2025-08-13_16-38-11,received_images/2025-08-13/cam1/cam1_2025-08-13_16-38-11.jpg,cameras/cam1/image,5869
2025-08-13_16-38-16,received_images/2025-08-13/cam1/cam1_2025-08-13_16-38-16.jpg,cameras/cam1/image,5964
2025-08-13_16-38-47,received_images/2025-08-13/cam1/cam1_2025-08-13_16-38-47.jpg,cameras/cam1/image,5042
2025-08-13_16-38-53,received_images/2025-08-13/cam1/cam1_2025-08-13_16-38-53.jpg,cameras/cam1/image,5042
2025-08-13_16-39-20,received_images/2025-08-13/cam1/cam1_2025-08-13_16-39-20.jpg,cameras/cam1/image,5084
2025-08-13_16-39-25,received_images/2025-08-13/cam1/cam1_2025-08-13_16-39-25.jpg,cameras/cam1/image,5917
2025-08-13_16-51-38,received_images/2025-08-13/cam1/cam1_2025-08-13_16-51-38.jpg,cameras/cam1/image,4048
2025-08-13_16-51-58,received_images/2025-08-13/cam1/cam1_2025-08-13_16-51-58.jpg,cameras/cam1/image,4066
2025-08-13_16-52-07,received_images/2025-08-13/cam1/cam1_2025-08-13_16-52-07.jpg,cameras/cam1/image,3059
2025-08-13_16-52-14,received_images/2025-08-13/cam1/cam1_2025-08-13_16-52-14.jpg,cameras/cam1/image,4920
2025-08-13_16-52-20,received_images/2025-08-13/cam1/cam1_2025-08-13_16-52-20.jpg,cameras/cam1/image,3061
2025-08-13_16-53-05,received_images/2025-08-13/cam1/cam1_2025-08-13_16-53-05.jpg,cameras/cam1/image,3040
2025-08-13_16-53-37,received_images/2025-08-13/cam1/cam1_2025-08-13_16-53-37.jpg,cameras/cam1/image,3051
2025-08-13_16-54-34,received_images/2025-08-13/cam1/cam1_2025-08-13_16-54-34.jpg,cameras/cam1/image,3692
2025-08-13_16-55-25,received_images/2025-08-13/cam1/cam1_2025-08-13_16-55-25.jpg,cameras/cam1/image,3022
2025-08-13_16-55-26,received_images/2025-08-13/cam1/cam1_2025-08-13_16-55-26.jpg,cameras/cam1/image,3022
2025-08-13_16-56-11,received_images/2025-08-13/cam1/cam1_2025-08-13_16-56-11.jpg,cameras/cam1/image,3066
2025-08-13_16-56-18,received_images/2025-08-13/cam1/cam1_2025-08-13_16-56-18.jpg,cameras/cam1/image,4928
2025-08-13_16-56-20,received_images/2025-08-13/cam1/cam1_2025-08-13_16-56-20.jpg,cameras/cam1/image,3012
2025-08-13_16-56-38,received_images/2025-08-13/cam1/cam1_2025-08-13_16-56-38.jpg,cameras/cam1/image,3038
2025-08-13_16-56-41,received_images/2025-08-13/cam1/cam1_2025-08-13_16-56-41.jpg,cameras/cam1/image,4028
2025-08-13_16-56-42,received_images/2025-08-13/cam1/cam1_2025-08-13_16-56-42.jpg,cameras/cam1/image,3063
2025-08-13_16-56-52,received_images/2025-08-13/cam1/cam1_2025-08-13_16-56-52.jpg,cameras/cam1/image,4028
2025-08-13_16-57-10,received_images/2025-08-13/cam1/cam1_2025-08-13_16-57-10.jpg,cameras/cam1/image,3061
